EMPLOYER KRA PIN:,P052063835W
EMPLOYER NSSF NUMBER:,NSSF2330247X
NSSF PASSWORD,2330247X
EMPLOYER NAME:,JAHAWI LIMITED


PAYROLL NUMBER,FIRSTNAME,LASTNAME,IDENTITY TYPE,ID NO,KRA PIN,NHIF NO,NSSF NO,SALARY,PHONE
1,CONSOLATA,WANYONYI,National ID,20384870,A006487410Q,CR1386324067214-8,2033236094,15000,0799944205
2,SULEIMAN,MWALIGUNZU,National ID,24369585,A019012543E,CR3569226391204-8,2061995219,17000,0706540158
3,BRIAN,VULIMWA,National ID,30295704,A008994040C,6451826,2033080233,25000,0724 004872
4,BRIAN,WANYONYI,National ID,34642305,A022910283Z,CR0135036995670-4,202036953X,15000,0791868800